{
  "created_at": "2026-03-09T19:57:24.958108",
  "git_commit": "fe303a0",
  "data_fingerprint": "8e6d5895ba585dc7fedb9b5896ca2e8cf2d811051c4e98f61caacbf55eb62d61",
  "data_source": {
    "source_type": "synthetic",
    "num_samples": 1000,
    "seed": 42
  },
  "config": {
    "model_type": "bnn",
    "epochs": 100,
    "window_size": 10,
    "batch_size": 32,
    "learning_rate": 0.001,
    "test_size": 0.2,
    "random_state": 42,
    "min_samples": 100,
    "lr_scheduler_patience": 10,
    "lr_scheduler_factor": 0.5,
    "sensor_type": "bme680",
    "iaq_standard": "bsec",
    "num_features": 10,
    "data_source": "SyntheticSource(1000 samples)",
    "data_fingerprint": "8e6d5895ba585dc7fedb9b5896ca2e8cf2d811051c4e98f61caacbf55eb62d61",
    "git_commit": "fe303a0"
  },
  "feature_statistics": {
    "temperature": {
      "mean": 21.733817075652546,
      "std": 1.4977524584954394,
      "min": 18.971882814362903,
      "max": 24.386844362481867
    },
    "rel_humidity": {
      "mean": 49.40638796637347,
      "std": 1.5017600081979692,
      "min": 45.5439598728614,
      "max": 52.52497032202582
    },
    "pressure": {
      "mean": 1013.1813313736234,
      "std": 0.1759277152319494,
      "min": 1012.8163078711427,
      "max": 1013.5062603922428
    },
    "voc_resistance": {
      "mean": 117781.8345001384,
      "std": 73748.38674791313,
      "min": 10053.986538277695,
      "max": 328568.1282482295
    },
    "voc_ratio": {
      "mean": 1.1596546804568357,
      "std": 0.7261107982509631,
      "min": 0.09898939506117173,
      "max": 3.2350113189275667
    },
    "abs_humidity": {
      "mean": 0.09442547732603897,
      "std": 0.006185667123871793,
      "min": 0.08266407707297169,
      "max": 0.10628656955493032
    },
    "hour_sin": {
      "mean": -0.0037802389661575546,
      "std": 0.7073554518042136,
      "min": -1.0,
      "max": 1.0
    },
    "hour_cos": {
      "mean": -0.005229728708940776,
      "std": 0.7068285679949887,
      "min": -1.0,
      "max": 1.0
    },
    "dow_sin": {
      "mean": 0.001563662964935986,
      "std": 0.7065939668750193,
      "min": -0.9749279121818236,
      "max": 0.9749279121818236
    },
    "dow_cos": {
      "mean": -0.0002469796037175342,
      "std": 0.7076174531023324,
      "min": -0.9009688679024191,
      "max": 1.0
    }
  },
  "target_statistics": {
    "iaq": {
      "mean": 117.23184414103144,
      "std": 86.75855203472948,
      "min": 0.0,
      "max": 380.6813934947397
    }
  },
  "stages": [
    {
      "stage": "source_access",
      "duration_seconds": 0.0,
      "rows_in": null,
      "rows_out": null,
      "columns": null,
      "extra": {
        "source": "SyntheticSource(1000 samples)"
      }
    },
    {
      "stage": "ingestion",
      "duration_seconds": 0.026,
      "rows_in": 1000,
      "rows_out": 1000,
      "columns": [
        "temperature",
        "rel_humidity",
        "pressure",
        "voc_resistance",
        "iaq",
        "iaq_accuracy"
      ],
      "extra": {
        "rows_before_cleaning": 1000,
        "rows_after_cleaning": 1000,
        "data_fingerprint": "8e6d5895ba585dc7fedb9b5896ca2e8cf2d811051c4e98f61caacbf55eb62d61",
        "date_range_start": "2024-01-01 00:00:00+00:00",
        "date_range_end": "2024-01-07 23:36:36+00:00"
      }
    },
    {
      "stage": "feature_engineering",
      "duration_seconds": 0.001,
      "rows_in": 1000,
      "rows_out": 1000,
      "columns": [
        "temperature",
        "rel_humidity",
        "pressure",
        "voc_resistance",
        "voc_ratio",
        "abs_humidity",
        "hour_sin",
        "hour_cos",
        "dow_sin",
        "dow_cos"
      ],
      "extra": {
        "baselines": {
          "voc_resistance": 101566.29942090978
        }
      }
    },
    {
      "stage": "windowing",
      "duration_seconds": 0.001,
      "rows_in": 1000,
      "rows_out": 991,
      "columns": null,
      "extra": {
        "window_size": 10,
        "feature_dim": 100,
        "gaps_found": 0,
        "segments": 1,
        "median_interval_seconds": 604.0,
        "gap_threshold_seconds": 1208.0,
        "valid_segments": 1,
        "total_segment_samples": 1000
      }
    },
    {
      "stage": "splitting",
      "duration_seconds": 0.0,
      "rows_in": 991,
      "rows_out": 991,
      "columns": null,
      "extra": {
        "train_samples": 792,
        "val_samples": 199,
        "test_size": 0.2
      }
    },
    {
      "stage": "scaling",
      "duration_seconds": 0.001,
      "rows_in": 991,
      "rows_out": 991,
      "columns": null,
      "extra": {
        "feature_scaler": "StandardScaler",
        "target_scaler": "MinMaxScaler(0,1)",
        "fit_on": "train_only"
      }
    },
    {
      "stage": "training",
      "duration_seconds": 65.39,
      "rows_in": null,
      "rows_out": null,
      "columns": null,
      "extra": {
        "epochs": 100,
        "best_val_loss": 0.11869901205812182,
        "device": "mps",
        "tensorboard_log_dir": "runs/bnn_20260309_195619"
      }
    },
    {
      "stage": "evaluation",
      "duration_seconds": 0.049,
      "rows_in": null,
      "rows_out": null,
      "columns": null,
      "extra": {
        "mae": 55.01441199183929,
        "rmse": 74.06174653026355,
        "r2": -0.443392754977308
      }
    }
  ],
  "preprocessing_issues": [],
  "metrics": {
    "mae": 55.01441199183929,
    "rmse": 74.06174653026355,
    "r2": -0.443392754977308
  },
  "version": "bnn-2.3.0",
  "merkle_tree": {
    "node_type": "trained_model",
    "content_inputs": {
      "model_type": "bnn",
      "weights_hash": "7eaaac9c30a0f209a2ba0e4c22be0a702df78ed63345130aa1844c0a800ab816",
      "metrics": {
        "mae": 55.01441199183929,
        "rmse": 74.06174653026355,
        "r2": -0.443392754977308
      },
      "epochs": 100,
      "learning_rate": 0.001,
      "batch_size": 32,
      "version": "bnn-2.3.0"
    },
    "content_hash": "61a7be59dc6a9ae286e4b98327d3debbaf002eb4fe873a2abffc31fef98e8c4a",
    "children": [
      {
        "node_type": "split_data",
        "content_inputs": {
          "test_size": 0.2,
          "train_samples": 792,
          "val_samples": 199
        },
        "content_hash": "17f930f63055b9ce31a68d97017d531087a4845dc9b320fbe633c5e34eb6c0a4",
        "children": [
          {
            "node_type": "preprocessed_data",
            "content_inputs": {
              "schema_fingerprint": "b1f6a0edf040",
              "feature_stats_hash": "fb33eb88a0b9fb99",
              "baselines": {
                "voc_resistance": 101566.29942090978
              },
              "scaler_hash": "727f33af7f7799fe1981ba407cb55e6db5377d41906fdf397e66a9182ce235bf",
              "window_size": 10,
              "num_features": 10,
              "sample_count": 991
            },
            "content_hash": "ad799f5cdb48752b234701f1325deb0d30863a27244830b21bb9007f089e4e5d",
            "children": [
              {
                "node_type": "cleansed_data",
                "content_inputs": {
                  "data_fingerprint": "8e6d5895ba585dc7fedb9b5896ca2e8cf2d811051c4e98f61caacbf55eb62d61",
                  "clean_row_count": 1000,
                  "rows_dropped": 0,
                  "issues_summary": "none"
                },
                "content_hash": "facba3357c5ae037dbf0cca7067e29539c2179dd1a40b71cd717c4d8c76780f5",
                "children": [
                  {
                    "node_type": "raw_data",
                    "content_inputs": {
                      "raw_row_count": 1000,
                      "source_type": "synthetic",
                      "num_samples": 1000,
                      "seed": 42
                    },
                    "content_hash": "7bae6513ff72a4b1ec940b921d7862084cf5fa070873477550260821820d59e4",
                    "children": [
                      {
                        "node_type": "sensor",