{
  "baseline_gas_resistance": 272519.4872821773,
  "trained_date": "2026-02-15T11:39:47.667817",
  "window_size": 10,
  "mae": 28.372316333569078,
  "rmse": 34.781085254965404,
  "r2": 0.9390316241614615,
  "notes": "Trained on real BSEC data with MLP"
}