{
  "created_at": "2026-02-20T19:13:45.444885",
  "git_commit": "3544cb0",
  "data_fingerprint": "7c6959ce1b7b90b0528a4dca15267353da474c797060a3e821a01062a1a3011b",
  "data_source": {
    "source_type": "synthetic",
    "num_samples": 1000,
    "seed": 42
  },
  "config": {
    "model_type": "mlp",
    "epochs": 5,
    "window_size": 10,
    "batch_size": 32,
    "learning_rate": 0.001,
    "test_size": 0.2,
    "random_state": 42,
    "min_samples": 100,
    "lr_scheduler_patience": 10,
    "lr_scheduler_factor": 0.5,
    "sensor_type": "bme680",
    "iaq_standard": "bsec"
  },
  "feature_statistics": {
    "temperature": {
      "mean": 22.217783852843194,
      "std": 29.143985909032963,
      "min": -27.37669374880919,
      "max": 72.41047304742386
    },
    "rel_humidity": {
      "mean": 50.679647885881536,
      "std": 23.135836098451694,
      "min": 10.041499533256442,
      "max": 89.95375273793502
    },
    "pressure": {
      "mean": 695.4390057626583,
      "std": 185.23303983800372,
      "min": 380.6335961128871,
      "max": 1019.8498156251801
    },
    "voc_resistance": {
      "mean": 990220.6855578517,
      "std": 463977.42876996275,
      "min": 201927.17207683806,
      "max": 1799154.753479964
    },
    "voc_ratio": {
      "mean": 0.9985235999838564,
      "std": 0.46786783920357694,
      "min": 0.203620313872896,
      "max": 1.8142405097918195
    },
    "abs_humidity": {
      "mean": 0.2399015636675481,
      "std": 0.34111458145285706,
      "min": 0.0007721350322827768,
      "max": 1.7740744934460317
    }
  },
  "target_statistics": {
    "iaq": {
      "mean": 243.3198072562802,
      "std": 140.71843914829407,
      "min": 0.0,
      "max": 500.0
    }
  },
  "stages": [
    {
      "stage": "source_access",
      "duration_seconds": 0.0,
      "rows_in": null,
      "rows_out": null,
      "columns": null,
      "extra": {
        "source": "SyntheticSource(1000 samples)"
      }
    },
    {
      "stage": "ingestion",
      "duration_seconds": 0.014,
      "rows_in": 1000,
      "rows_out": 1000,
      "columns": [
        "temperature",
        "rel_humidity",
        "pressure",
        "voc_resistance",
        "iaq",
        "iaq_accuracy"
      ],
      "extra": {
        "rows_before_cleaning": 1000,
        "rows_after_cleaning": 1000,
        "data_fingerprint": "7c6959ce1b7b90b0528a4dca15267353da474c797060a3e821a01062a1a3011b"
      }
    },
    {
      "stage": "feature_engineering",
      "duration_seconds": 0.001,
      "rows_in": 1000,
      "rows_out": 1000,
      "columns": [
        "temperature",
        "rel_humidity",
        "pressure",
        "voc_resistance",
        "voc_ratio",
        "abs_humidity"
      ],
      "extra": {
        "baselines": {
          "voc_resistance": 991684.8090259067
        }
      }
    },
    {
      "stage": "windowing",
      "duration_seconds": 0.001,
      "rows_in": 1000,
      "rows_out": 991,
      "columns": null,
      "extra": {
        "window_size": 10,
        "feature_dim": 60,
        "gaps_found": 0,
        "segments": 1,
        "skipped": true
      }
    },
    {
      "stage": "splitting",
      "duration_seconds": 0.0,
      "rows_in": 991,
      "rows_out": 991,
      "columns": null,
      "extra": {
        "train_samples": 792,
        "val_samples": 199,
        "test_size": 0.2
      }
    },
    {
      "stage": "scaling",
      "duration_seconds": 0.001,
      "rows_in": 991,
      "rows_out": 991,
      "columns": null,
      "extra": {
        "feature_scaler": "StandardScaler",
        "target_scaler": "MinMaxScaler(0,1)",
        "fit_on": "train_only"
      }
    },
    {
      "stage": "training",
      "duration_seconds": 1.843,
      "rows_in": null,
      "rows_out": null,
      "columns": null,
      "extra": {
        "epochs": 5,
        "best_val_loss": 0.08631431737116405,
        "device": "mps",
        "tensorboard_log_dir": "runs/mlp_20260220_191343"
      }
    },
    {
      "stage": "evaluation",
      "duration_seconds": 0.037,
      "rows_in": null,
      "rows_out": null,
      "columns": null,
      "extra": {
        "mae": 121.18858621003636,
        "rmse": 150.41120752045754,
        "r2": -0.3095301058527178
      }
    }
  ],
  "preprocessing_issues": [
    {
      "severity": "info",
      "stage": "ingestion",
      "message": "No DatetimeIndex \u2014 gap detection and ordering checks skipped",
      "rows_affected": null
    }
  ],
  "metrics": {
    "mae": 121.18858621003636,
    "rmse": 150.41120752045754,
    "r2": -0.3095301058527178
  },
  "version": "mlp-v6"
}