{
  "model_type": "mlp",
  "trained_date": "2026-02-16T11:01:46.448664",
  "epochs": 5,
  "train_loss": [
    0.3574870491027832,
    0.22061771929264068,
    0.14441663160920143,
    0.14421805053949355,
    0.13896517038345338
  ],
  "val_loss": [
    0.14827815123966762,
    0.11037476573671613,
    0.09951795371515411,
    0.08736596416149821,
    0.08192270195909909
  ],
  "metrics": {
    "mae": 120.74576952328054,
    "rmse": 147.90043117552918,
    "r2": -0.26617569213246717
  }
}