{
  "model_type": "mlp",
  "trained_date": "2026-02-12T17:16:59.588912",
  "epochs": 5,
  "train_loss": [
    1.1361372470855713,
    1.12245512008667,
    1.127526044845581,
    1.0351065397262573,
    1.0002485513687134
  ],
  "val_loss": [
    0.7742921113967896,
    0.7746757864952087,
    0.7754151821136475,
    0.7758103013038635,
    0.7762942910194397
  ],
  "metrics": {
    "final_train_loss": 1.0002485513687134,
    "final_val_loss": 0.7762942910194397,
    "mae": 0.6841071844100952,
    "rmse": 0.8810756802558899,
    "r2": -0.03738269851678666
  }
}