{
  "model_type": "mlp",
  "trained_date": "2026-02-20T19:13:45.525412",
  "epochs": 5,
  "train_loss": [
    0.20445849061012267,
    0.152865509390831,
    0.1244442555308342,
    0.12114942878484726,
    0.11086729615926742
  ],
  "val_loss": [
    0.1656961856143815,
    0.1031754772577967,
    0.09502945414611272,
    0.08909415187580245,
    0.08631431737116405
  ],
  "metrics": {
    "mae": 121.18858621003636,
    "rmse": 150.41120752045754,
    "r2": -0.3095301058527178
  }
}