{
  "baseline_gas_resistance": 272519.4872821773,
  "trained_date": "2026-02-15T11:40:05.543611",
  "window_size": 10,
  "mae": 68.6435658465084,
  "rmse": 81.96904412744442,
  "r2": 0.6613757085931478,
  "notes": "Trained on real BSEC data with LSTM"
}