{
  "created_at": "2026-03-08T11:04:32.882260",
  "git_commit": "fe303a0",
  "data_fingerprint": "8e6d5895ba585dc7fedb9b5896ca2e8cf2d811051c4e98f61caacbf55eb62d61",
  "data_source": {
    "source_type": "synthetic",
    "num_samples": 1000,
    "seed": 42
  },
  "config": {
    "model_type": "lstm",
    "epochs": 50,
    "window_size": 60,
    "batch_size": 32,
    "learning_rate": 0.001,
    "test_size": 0.2,
    "random_state": 42,
    "min_samples": 100,
    "lr_scheduler_patience": 10,
    "lr_scheduler_factor": 0.5,
    "sensor_type": "bme680",
    "iaq_standard": "bsec",
    "num_features": 10,
    "data_source": "SyntheticSource(1000 samples)",
    "data_fingerprint": "8e6d5895ba585dc7fedb9b5896ca2e8cf2d811051c4e98f61caacbf55eb62d61",
    "git_commit": "fe303a0"
  },
  "feature_statistics": {
    "temperature": {
      "mean": 21.733817075652546,
      "std": 1.4977524584954394,
      "min": 18.971882814362903,
      "max": 24.386844362481867
    },
    "rel_humidity": {
      "mean": 49.40638796637347,
      "std": 1.5017600081979692,
      "min": 45.5439598728614,
      "max": 52.52497032202582
    },
    "pressure": {
      "mean": 1013.1813313736234,
      "std": 0.1759277152319494,
      "min": 1012.8163078711427,
      "max": 1013.5062603922428
    },
    "voc_resistance": {
      "mean": 117781.8345001384,
      "std": 73748.38674791313,
      "min": 10053.986538277695,
      "max": 328568.1282482295
    },
    "voc_ratio": {
      "mean": 1.1596546804568357,
      "std": 0.7261107982509631,
      "min": 0.09898939506117173,
      "max": 3.2350113189275667
    },
    "abs_humidity": {
      "mean": 0.09442547732603897,
      "std": 0.006185667123871793,
      "min": 0.08266407707297169,
      "max": 0.10628656955493032
    },
    "hour_sin": {
      "mean": -0.0037802389661575546,
      "std": 0.7073554518042136,
      "min": -1.0,
      "max": 1.0
    },
    "hour_cos": {
      "mean": -0.005229728708940776,
      "std": 0.7068285679949887,
      "min": -1.0,
      "max": 1.0
    },
    "dow_sin": {
      "mean": 0.001563662964935986,
      "std": 0.7065939668750193,
      "min": -0.9749279121818236,
      "max": 0.9749279121818236
    },
    "dow_cos": {
      "mean": -0.0002469796037175342,
      "std": 0.7076174531023324,
      "min": -0.9009688679024191,
      "max": 1.0
    }
  },
  "target_statistics": {
    "iaq": {
      "mean": 117.23184414103144,
      "std": 86.75855203472948,
      "min": 0.0,
      "max": 380.6813934947397
    }
  },
  "stages": [
    {
      "stage": "source_access",
      "duration_seconds": 0.0,
      "rows_in": null,
      "rows_out": null,
      "columns": null,
      "extra": {
        "source": "SyntheticSource(1000 samples)"
      }
    },
    {
      "stage": "ingestion",
      "duration_seconds": 0.01,
      "rows_in": 1000,
      "rows_out": 1000,
      "columns": [
        "temperature",
        "rel_humidity",
        "pressure",
        "voc_resistance",
        "iaq",
        "iaq_accuracy"
      ],
      "extra": {
        "rows_before_cleaning": 1000,
        "rows_after_cleaning": 1000,
        "data_fingerprint": "8e6d5895ba585dc7fedb9b5896ca2e8cf2d811051c4e98f61caacbf55eb62d61",
        "date_range_start": "2024-01-01 00:00:00+00:00",
        "date_range_end": "2024-01-07 23:36:36+00:00"
      }
    },
    {
      "stage": "feature_engineering",
      "duration_seconds": 0.001,
      "rows_in": 1000,
      "rows_out": 1000,
      "columns": [
        "temperature",
        "rel_humidity",
        "pressure",
        "voc_resistance",
        "voc_ratio",
        "abs_humidity",
        "hour_sin",
        "hour_cos",
        "dow_sin",
        "dow_cos"
      ],
      "extra": {
        "baselines": {
          "voc_resistance": 101566.29942090978
        }
      }
    },
    {
      "stage": "windowing",
      "duration_seconds": 0.002,
      "rows_in": 1000,
      "rows_out": 941,
      "columns": null,
      "extra": {
        "window_size": 60,
        "feature_dim": 600,
        "gaps_found": 0,
        "segments": 1,
        "median_interval_seconds": 604.0,
        "gap_threshold_seconds": 1208.0,
        "longest_segment_start": 0,
        "longest_segment_end": 1000,
        "longest_segment_samples": 1000
      }
    },
    {
      "stage": "splitting",
      "duration_seconds": 0.0,
      "rows_in": 941,
      "rows_out": 941,
      "columns": null,
      "extra": {
        "train_samples": 752,
        "val_samples": 189,
        "test_size": 0.2
      }
    },
    {
      "stage": "scaling",
      "duration_seconds": 0.004,
      "rows_in": 941,
      "rows_out": 941,
      "columns": null,
      "extra": {
        "feature_scaler": "StandardScaler",
        "target_scaler": "MinMaxScaler(0,1)",
        "fit_on": "train_only"
      }
    },
    {
      "stage": "training",
      "duration_seconds": 33.08,
      "rows_in": null,
      "rows_out": null,
      "columns": null,
      "extra": {
        "epochs": 50,
        "best_val_loss": 0.002357709046918899,
        "device": "mps",
        "tensorboard_log_dir": "runs/lstm_20260308_110359"
      }
    },
    {
      "stage": "evaluation",
      "duration_seconds": 0.555,
      "rows_in": null,
      "rows_out": null,
      "columns": null,
      "extra": {
        "mae": 25.876565523728416,
        "rmse": 30.414856252815532,
        "r2": 0.7615394110233265
      }
    }
  ],
  "preprocessing_issues": [],
  "metrics": {
    "mae": 25.876565523728416,
    "rmse": 30.414856252815532,
    "r2": 0.7615394110233265
  },
  "version": "lstm-2.1.0",
  "merkle_tree": {
    "node_type": "trained_model",
    "content_inputs": {
      "model_type": "lstm",
      "weights_hash": "cebda1d23208a2da7d916c42664ff9895dc3c626abcc81a5aaca976017f0e858",
      "metrics": {
        "mae": 25.876565523728416,
        "rmse": 30.414856252815532,
        "r2": 0.7615394110233265
      },
      "epochs": 50,
      "learning_rate": 0.001,
      "batch_size": 32,
      "version": "lstm-2.1.0"
    },
    "content_hash": "4dd875427c518ac3f4657395688aca21abd340e864cb811a6609539adaeb997b",
    "children": [
      {
        "node_type": "split_data",
        "content_inputs": {
          "test_size": 0.2,
          "train_samples": 752,
          "val_samples": 189
        },
        "content_hash": "99216466f4b2c49156419cac388d61f8d9525feceaee5fd64da5325e98bbb4f7",
        "children": [
          {
            "node_type": "preprocessed_data",
            "content_inputs": {
              "schema_fingerprint": "b77a6acc7dbe",
              "feature_stats_hash": "fb33eb88a0b9fb99",
              "baselines": {
                "voc_resistance": 101566.29942090978
              },
              "scaler_hash": "be8d018786eedb6f00a580dfd66a2ca5b82772270c12e2c4a3ddca6bbe896930",
              "window_size": 60,
              "num_features": 10,
              "sample_count": 941
            },
            "content_hash": "c82c7f9f5cfd710d13f06d5632d9d47a982bc85a56ddfd72cee02368d81b41d0",
            "children": [
              {
                "node_type": "cleansed_data",
                "content_inputs": {
                  "data_fingerprint": "8e6d5895ba585dc7fedb9b5896ca2e8cf2d811051c4e98f61caacbf55eb62d61",
                  "clean_row_count": 1000,
                  "rows_dropped": 0,
                  "issues_summary": "none"
                },
                "content_hash": "facba3357c5ae037dbf0cca7067e29539c2179dd1a40b71cd717c4d8c76780f5",
                "children": [
                  {
                    "node_type": "raw_data",
                    "content_inputs": {
                      "raw_row_count": 1000,
                      "source_type": "synthetic",
                      "num_samples": 1000,
                      "seed": 42
                    },
                    "content_hash": "7bae6513ff72a4b1ec940b921d7862084cf5fa070873477550260821820d59e4",