{
  "baseline_gas_resistance": 272519.4872821773,
  "trained_date": "2026-02-15T11:40:11.506695",
  "window_size": 10,
  "mae": 29.83238345609817,
  "rmse": 34.80634156510665,
  "r2": 0.9389430475529812,
  "notes": "Trained on real BSEC data with CNN"
}