{
  "baseline_gas_resistance": 272519.4872821773,
  "trained_date": "2026-02-15T11:39:56.293403",
  "window_size": 10,
  "mae": 16.034357403893278,
  "rmse": 21.027516122897115,
  "r2": 0.9777159400960235,
  "notes": "Trained on real BSEC data with KAN"
}