{
  "model_type": "kan",
  "model_params": {
    "window_size": 10,
    "num_features": 6,
    "device": "cpu",
    "default_dropout": 0.2,
    "hidden_dims": [
      32,
      16
    ],
    "input_dim": 6,
    "grid_size": 5,
    "spline_order": 3
  },
  "training": {
    "epochs": 200,
    "lr": 0.001,
    "batch_size": 32
  },
  "metrics": {
    "final_train_loss": 0.0012429639464244246,
    "final_val_loss": 1.1321935653686523,
    "mae": 0.8949244618415833,
    "rmse": 1.064045786857605,
    "r2": -0.9922665622121754
  }
}